uIDnum,bIDnum,contact_email,contact_name,project_screenshots,size,product,openings,photo
300,1,nec.urna.suscipit@metusfacilisis.net,Libby Ingram,turpis nec,5520,arcu iaculis,12,Cum
301,2,lacinia@nequeNullamut.com,Zane Huffman,"Mauris vestibulum, neque sed",7110,ante ipsum,37,nascetur ridiculus mus.
302,3,non.quam.Pellentesque@Nam.co.uk,Adele Golden,est arcu ac orci. Ut,8519,semper tellus id nunc,152,gravida molestie
303,4,lobortis.nisi@erat.co.uk,Lucas Hodge,"elementum at, egestas a,",3818,eu dui. Cum,39,dapibus ligula.
304,5,tellus.lorem@nullaCras.co.uk,Dane Heath,Aenean egestas hendrerit neque.,6624,ac libero,114,"aliquet, sem ut cursus"
305,6,massa.Suspendisse.eleifend@volutpat.edu,Jescie Schultz,"sagittis augue, eu",3204,at,4,Donec
306,7,turpis.non.enim@feugiat.ca,Chelsea Barber,ipsum ac,3106,"enim. Suspendisse aliquet, sem",98,elit. Aliquam
307,8,amet.luctus@semper.org,Jeanette Brennan,arcu ac orci. Ut semper,5285,"dui, semper",57,Proin
308,9,augue.malesuada@id.co.uk,Arthur Romero,et magnis dis parturient,6545,mus. Donec,250,pede. Nunc sed
309,10,risus@penatibus.ca,Deborah Riddle,"ut cursus luctus, ipsum leo",6464,odio vel est tempor,80,arcu. Aliquam ultrices
310,11,tristique.pellentesque@Fusce.ca,Ima Kirkland,tristique senectus,8880,libero. Integer in magna.,62,ac turpis
311,12,Nulla@pellentesqueafacilisis.com,Brody Hubbard,at risus. Nunc,4606,Curabitur,77,varius
312,13,mauris@dolor.net,Daria Carter,egestas rhoncus. Proin,2403,"commodo at, libero.",11,"ac, eleifend vitae, erat."
313,14,odio@nonfeugiatnec.ca,Hillary Tucker,sem molestie sodales. Mauris,3000,porttitor scelerisque neque. Nullam,184,"non, luctus sit amet, faucibus"
314,15,turpis@orci.net,Stephanie Haney,nec,6202,interdum feugiat.,199,"ipsum. Curabitur consequat, lectus sit"
315,16,nisi.a.odio@facilisi.ca,Drake Sparks,"sed consequat auctor,",9954,"montes, nascetur ridiculus mus.",235,Donec
316,17,quam@Nam.com,Emmanuel Taylor,rutrum,4834,ipsum,12,"quis accumsan convallis, ante"
317,18,ipsum.Suspendisse@molestieSedid.co.uk,Jasper Burch,"orci lacus vestibulum lorem,",3204,"tincidunt,",215,vel sapien imperdiet ornare. In
318,19,et.eros.Proin@pede.net,Mannix Hebert,aliquet magna a neque.,2636,egestas. Aliquam nec enim.,250,arcu.
319,20,Duis.mi.enim@Sedauctor.com,Althea Brooks,"sed dolor. Fusce mi lorem,",5807,"ut, sem. Nulla",133,interdum. Nunc
320,21,ullamcorper.eu@felisNulla.com,Carly Fitzpatrick,vitae risus. Duis a mi,8940,orci. Ut,124,enim.
321,22,sollicitudin@lacus.org,Rana Cote,tristique senectus et,3592,Vestibulum,148,eu dolor egestas rhoncus. Proin
322,23,imperdiet.ullamcorper@asollicitudin.edu,Ayanna Conrad,malesuada malesuada.,5347,"pede, malesuada vel, venenatis",69,vitae velit egestas
323,24,turpis@tincidunt.edu,Edan Mayo,tristique senectus et,3472,"et tristique pellentesque, tellus",74,In lorem. Donec
324,25,a.mi@enimnonnisi.org,Macaulay Padilla,"in aliquet lobortis, nisi nibh",9321,dolor. Donec,134,Sed id risus quis
325,26,malesuada.fames.ac@Nullaeget.co.uk,Leigh Nash,velit. Sed malesuada,5404,"cursus in, hendrerit",234,blandit. Nam
326,27,Morbi.metus@montes.ca,Charissa Burch,lacus. Aliquam rutrum lorem ac,9851,purus,131,vitae purus gravida sagittis. Duis
327,28,aliquam.eu@mattissemperdui.org,Rowan Williamson,magna. Ut,6863,ultricies,36,odio semper cursus. Integer
328,29,velit.Sed.malesuada@nonummyultriciesornare.net,Germane Garner,convallis,4352,nunc interdum,215,"nec, malesuada ut, sem. Nulla"
329,30,imperdiet.ornare.In@musDonecdignissim.net,Colt Ellison,"dolor, nonummy",9314,"dictum eleifend, nunc risus",210,"sem ut cursus luctus, ipsum"
330,31,Duis.ac.arcu@tacitisociosqu.com,Xanthus Solis,aliquet libero. Integer in magna.,273,felis.,171,egestas. Aliquam nec enim. Nunc
331,32,Donec@lobortisClass.co.uk,Cecilia Montgomery,"Nulla tincidunt, neque",6195,tortor. Integer,26,volutpat
332,33,ante.dictum.cursus@augue.org,Hannah Morales,"quis,",6068,mattis. Integer eu lacus.,233,euismod urna. Nullam lobortis
333,34,ut.erat@fringillamilacinia.net,Imelda Fitzpatrick,ornare. Fusce,2408,nisi,34,nulla at sem molestie
334,35,id@ullamcorperDuis.com,Emily Cherry,risus. Morbi metus. Vivamus euismod,1229,luctus aliquet odio. Etiam,4,diam. Pellentesque
335,36,amet.consectetuer@scelerisque.org,Rhea Middleton,"orci, adipiscing non, luctus sit",840,"Donec est. Nunc ullamcorper,",157,Phasellus dapibus quam quis
336,37,ut.sem@Nullamut.net,Lane Snyder,dolor egestas rhoncus. Proin nisl,2227,"laoreet posuere,",68,nec mauris
337,38,natoque.penatibus@mauris.edu,Abraham Mueller,Quisque,7515,"Cras lorem lorem, luctus",56,hymenaeos. Mauris
338,39,a.arcu@orcisemeget.net,Zenaida Woodward,"enim, gravida sit",1838,sapien. Cras dolor,97,consequat enim
339,40,eu.arcu.Morbi@Proin.org,Nero Maynard,orci luctus,1278,"in, cursus et, eros.",61,"nonummy ultricies ornare, elit elit"
340,41,erat@ut.edu,Tanek Franco,dapibus quam quis,7664,enim nisl elementum,234,magna. Praesent interdum ligula eu
341,42,id.ante@necorci.com,Zorita Schroeder,bibendum fermentum,5751,velit.,113,"facilisis, magna"
342,43,ipsum.sodales@convallisconvallis.net,Alexander Guy,mollis. Integer tincidunt aliquam,529,nec urna,234,"non, dapibus rutrum,"
343,44,ligula.Aenean.gravida@Duisa.edu,Rhiannon Best,urna. Nullam,5810,fringilla cursus purus. Nullam,230,imperdiet
344,45,adipiscing@nonnisi.edu,Emerald Mcdonald,dolor. Fusce mi,5999,ac nulla.,139,egestas.
345,46,vitae.dolor@nequeIn.co.uk,Cooper Owen,enim.,8157,Curabitur ut odio vel,128,Aenean gravida nunc sed
346,47,enim.non@dignissimtempor.edu,Wyoming Marquez,"elementum, lorem",8187,leo. Cras,150,"sit amet, consectetuer adipiscing"
347,48,euismod@nec.com,Elijah Mosley,mauris blandit mattis. Cras,7585,"nec tempus scelerisque,",68,vulputate ullamcorper magna.
348,49,metus@libero.org,Emery Marshall,massa.,9907,ante,146,orci
349,50,metus@massaInteger.ca,Kennan Acevedo,Aliquam vulputate ullamcorper magna. Sed,7383,nulla at sem,74,"euismod et, commodo at, libero."
350,51,pede@elit.co.uk,Clio Booth,nunc,6325,posuere,244,felis. Nulla
351,52,lacus.Etiam@justosit.org,Roth Clark,mi,2509,tincidunt,140,"placerat, orci lacus vestibulum"
352,53,turpis.egestas.Fusce@acipsum.co.uk,Jordan Lindsey,"massa. Mauris vestibulum, neque sed",6571,"sit amet,",66,magna. Duis dignissim tempor arcu.
353,54,posuere@ornare.edu,Mallory Mckay,malesuada fames ac,8751,nibh. Donec,126,"Duis cursus,"
354,55,dolor.sit.amet@nec.edu,Scott Anthony,velit. Quisque varius. Nam porttitor,7248,"at,",63,Sed neque. Sed eget
355,56,lorem.tristique@duiFuscealiquam.ca,Aubrey Pope,dui lectus rutrum,9258,tempus,115,"erat, in consectetuer ipsum"
356,57,lacinia@adipiscingfringilla.edu,Sheila Noel,Phasellus dapibus quam,2525,euismod est arcu,77,"eu, odio."
357,58,elementum.sem@nec.edu,Hedley Good,Sed dictum. Proin,9690,eu dui. Cum,18,tincidunt congue turpis. In condimentum.
358,59,ridiculus.mus.Aenean@dictumaugue.co.uk,Margaret Hill,ridiculus mus.,2708,ac,116,egestas. Aliquam nec enim.
359,60,Aliquam.rutrum.lorem@magnaUttincidunt.co.uk,Julie Brennan,"nec, malesuada ut,",7447,nisi. Cum sociis natoque,69,pede. Cum sociis natoque penatibus
360,61,augue.id.ante@In.ca,Ramona Harding,imperdiet,3745,"vitae,",66,neque
361,62,sodales.Mauris.blandit@Nullafacilisi.ca,Veronica Dominguez,Proin vel arcu eu odio,3775,orci luctus et ultrices,178,cursus purus. Nullam
362,63,vel@posuerevulputatelacus.com,Dieter Everett,justo.,9803,Fusce,9,nec tempus mauris
363,64,dictum@infaucibus.co.uk,Xandra Richards,"mauris, rhoncus",414,In mi,214,morbi tristique senectus et
364,65,Nunc.pulvinar@quis.edu,Barbara Abbott,"nonummy ac, feugiat non,",6890,pede,109,"cursus. Nunc mauris elit, dictum"
365,66,sem@porttitortellus.co.uk,Aladdin Fox,pede. Nunc,7756,Nunc pulvinar arcu,52,"laoreet, libero et"
366,67,eu.nibh@sem.org,Lavinia Davenport,Nunc ut,6326,nibh lacinia,163,"a, arcu. Sed et"
367,68,sit.amet@velit.edu,Benjamin Mcpherson,nec metus facilisis lorem,734,lobortis augue,89,"est ac facilisis facilisis,"
368,69,congue.turpis.In@risusNuncac.net,Honorato Sheppard,nulla.,3423,Integer,43,Donec consectetuer mauris
369,70,lacinia@duinec.ca,Nina Shepard,faucibus orci luctus,6290,facilisis lorem tristique,208,lorem vitae odio
370,71,urna.et@ipsumCurabiturconsequat.edu,Fletcher Guy,nisi.,951,sodales elit,146,"quis, pede."
371,72,ante@morbitristiquesenectus.net,Madison English,"non, luctus",2634,condimentum,34,porttitor interdum. Sed auctor
372,73,a.malesuada@turpisegestas.com,Driscoll Peterson,"eu, euismod ac, fermentum",8423,"Donec tempus, lorem",127,"consectetuer, cursus"
373,74,Nunc@Suspendissenon.co.uk,Kenyon Drake,semper cursus.,9783,natoque penatibus et magnis,106,"dolor sit amet,"
374,75,nibh@erateget.org,James Conway,"molestie in, tempus",9265,ipsum.,168,libero
375,76,Cras.dolor.dolor@nasceturridiculus.com,Armand Compton,facilisis lorem tristique aliquet. Phasellus,5608,consectetuer ipsum nunc id,205,"eu, accumsan sed,"
376,77,elementum.at.egestas@neque.co.uk,Eagan Garcia,"lorem lorem, luctus ut,",6574,"justo faucibus lectus,",245,in lobortis tellus justo
377,78,magna@Aliquamfringillacursus.co.uk,Arden Travis,Praesent interdum,2148,"ut, pharetra sed,",1,"nec, diam."
378,79,orci@justoProin.ca,Jana Walter,"sollicitudin a, malesuada id,",9451,rhoncus. Donec,89,at
379,80,sed@magnaseddui.com,Steven Rowe,nisi magna sed dui.,8761,sodales nisi,182,"sapien, cursus"
380,81,odio@vitae.com,Brandon Daugherty,Proin sed turpis nec mauris,7901,"volutpat ornare, facilisis eget,",198,tellus faucibus
381,82,Sed.pharetra@vulputatelacusCras.edu,Oliver Craig,consequat,5844,turpis non,206,mollis. Integer tincidunt aliquam
382,83,Proin.ultrices@Quisque.net,Brennan Rasmussen,molestie sodales. Mauris blandit enim,6992,nec quam.,95,sit amet risus. Donec egestas.
383,84,egestas.Aliquam@NulladignissimMaecenas.co.uk,Hillary Wyatt,eu elit. Nulla facilisi. Sed,9811,fermentum,98,habitant morbi tristique
384,85,risus.Donec.egestas@cursusIntegermollis.com,Leroy Wilkerson,"iaculis enim,",3635,"Nunc lectus pede, ultrices",239,sed
385,86,Etiam@vel.edu,Adena Underwood,Proin sed turpis,3150,cursus. Integer,88,Aenean massa.
386,87,risus.Quisque@sitametconsectetuer.com,Sade Cameron,vulputate ullamcorper magna.,1811,a neque. Nullam ut,16,"eleifend vitae, erat. Vivamus"
387,88,libero.dui@sem.co.uk,Scott Horn,scelerisque dui.,1551,tempor arcu. Vestibulum ut,171,"dolor dapibus gravida. Aliquam tincidunt,"
388,89,est.Mauris.eu@utaliquamiaculis.edu,Rachel Shepherd,penatibus et magnis,8315,mauris. Suspendisse aliquet,15,"placerat eget, venenatis a, magna."
389,90,libero@nonleo.ca,Dorian Frye,"faucibus leo, in lobortis tellus",2835,sed pede. Cum,125,"elementum, lorem ut aliquam iaculis,"
390,91,sociis@atortor.ca,Debra Bowen,varius,1503,ultrices,226,convallis
391,92,dolor@egestasrhoncusProin.co.uk,Bree Wiley,est.,2263,"elit, a",84,"leo. Vivamus nibh dolor,"
392,93,nec@enimcondimentumeget.org,Perry Petty,et nunc. Quisque ornare,4173,"id, ante.",97,"Duis elementum, dui quis"
393,94,et.eros@Donecdignissimmagna.edu,Micah Roman,netus et malesuada fames,7019,"et,",12,lectus
394,95,Aliquam@semegetmassa.ca,Eagan Blanchard,porta,7785,"suscipit, est ac",208,Suspendisse eleifend.
395,96,diam.vel.arcu@lacusvariuset.co.uk,Naomi Pruitt,"aliquet, sem ut cursus",2641,nonummy ipsum non arcu.,31,lectus.
396,97,vel@magna.co.uk,Calvin Burgess,gravida,236,tellus id nunc interdum,111,adipiscing.
397,98,adipiscing@feugiattellus.ca,Oren Phillips,Fusce,1042,tristique senectus et,45,"lorem, eget mollis lectus"
398,99,pharetra.Quisque.ac@tristiquesenectuset.co.uk,Addison Serrano,felis,168,tincidunt. Donec vitae,106,habitant morbi tristique
399,100,mollis.vitae.posuere@nullaat.co.uk,Rudyard Reed,quis,8419,tincidunt aliquam arcu. Aliquam,206,litora torquent per conubia